Issuer Company	Symbol	Security Code	Bonus record Date	Ex Date	Bonus Ratio	CMP
A-1 Ltd	A1L	542012	31-Dec-25	31-Dec-25	03:01	9.66
Ram Ratna Wires Ltd	RAMRAT	522281	26-Dec-25	26-Dec-25	01:01	470.4
GRM Overseas Ltd	GRMOVER	531449	24-Dec-25	24-Dec-25	02:01	156.65
Unifinz Capital India Ltd	UCIL	541358	19-Dec-25	19-Dec-25	04:01	95
Dr  Lal PathLabs Ltd	LALPATHLAB	539524	19-Dec-25	19-Dec-25	01:01	"1,617.40"
Sylph Technologies Ltd	SYLPH	511447	17-Dec-25	17-Dec-25	05:11	0.33
Moneyboxx Finance Ltd	MONEYBOXX	538446	15-Dec-25	15-Dec-25	01:01	72.67
Bharat Rasayan Ltd	BHARATRAS	590021	12-Dec-25	12-Dec-25	01:01	"1,437.10"
Apis India Ltd	APIS	506166	05-Dec-25	05-Dec-25	24:01:00	60.82
Thyrocare Technologies Ltd	THYROCARE	539871	28-Nov-25	28-Nov-25	02:01	493.45
HDFC Asset Management Company Ltd	HDFCAMC	541729	26-Nov-25	26-Nov-25	01:01	"2,758.55"
Motherson Sumi Wiring India Limited	MSUMI	MSUMI	18-Jul-25	18-Jul-25	01:02	39.32
IFGL Refractories Ltd	IFGLEXPOR	540774	18-Jul-25	18-Jul-25	01:01	176.85
Samvardhana Motherson International Limited	MOTHERSON	MOTHERSON	18-Jul-25	18-Jul-25	01:02	135.91
Dynamic Cables Ltd	DYCL	540795	11-Jul-25	11-Jul-25	01:01	322.95
Alkosign Ltd	ALKOSIGN	543453	11-Jul-25	11-Jul-25	01:02	56.75
Roto Pumps Ltd	ROTO	517500	11-Jul-25	11-Jul-25	02:01	57.52
Meghna Infracon Infrastructure Ltd	MIIL	538668	08-Jul-25	08-Jul-25	01:01	779.9
Sharda Motor Industries Limited	SHARDAMOTR	SHARDAMOTR	04-Jul-25	04-Jul-25	01:01	844.8
Iris Clothings Limited	IRISDOREME	IRISDOREME	04-Jul-25	04-Jul-25	01:01	35.6
Container Corporation of India Limited	CONCOR	CONCOR	04-Jul-25	04-Jul-25	01:04	512.05
Investment & Precision Castings Ltd	INVPRECQ	504786	27-Jun-25	27-Jun-25	01:01	627
V-Mart Retail Ltd	VMART	534976	23-Jun-25	23-Jun-25	03:01	658.05
Bajaj Finance Ltd	BAJFINANCE	500034	16-Jun-25	16-Jun-25	04:01	942
Vimta Labs Ltd	VIMTALABS	524394	13-Jun-25	13-Jun-25	01:01	459.4
VTM Ltd	VTMLTD	532893	11-Jun-25	11-Jun-25	03:02	66.58
Shilchar Technologies Ltd	SHILCTECH	531201	06-Jun-25	06-Jun-25	01:02	"4,080.55"
Shalibhadra Finance Ltd	SAHLIBHFI	511754	04-Jun-25	04-Jun-25	03:01	71.9
Ujaas Energy Ltd	UEL	533644	30-May-25	30-May-25	17:25	141.9
BSE Limited	BSE	BSE	23-May-25	23-May-25	02:01	"4,291.20"
Captain Technocast Ltd	CTCL	540652	29-Apr-25	29-Apr-25	01:01	200.4
Navkar Urbanstructure Limited	NAVKARURB	NAVKARURB	24-Apr-25	24-Apr-25	03:02	0.85
Captain Technocast Ltd	CTCL	540652	21-Apr-25	21-Apr-25	01:01	200.4
Gretex Corporate Services Ltd	GCSL	543324	10-Apr-25	09-Apr-25	09:10	403.35
KBC Global Ltd	KBCGLOBAL	541161	04-Apr-25	04-Apr-25	01:01	0.19
Sal Automotive Ltd	SALAUTO	539353	03-Apr-25	03-Apr-25	01:01	200.75
Ranjeet Mechatronics Ltd	RANJEET	541945	02-Apr-25	02-Apr-25	01:01	6.3
Capital Trade Links Ltd	CTL	538476	02-Apr-25	02-Apr-25	01:01	16.71
KBC Global Ltd	KBCGLOBAL	541161	28-Mar-25	28-Mar-25	01:01	0.19
Dhanalaxmi Roto Spinners Ltd	DHANROTO	521216	26-Mar-25	26-Mar-25	01:01	78.29
Enbee Trade & Finance Ltd	ENBETRD	512441	24-Mar-25	24-Mar-25	01:06	0.4
Greenlam Industries Ltd	GREENLAM	538979	21-Mar-25	21-Mar-25	01:01	250.5
PADAM COTTON YARNS LTD	PADAMCO	531395	18-Mar-25	18-Mar-25	02:03	0.91
SBC Exports Ltd	SBC	542725	10-Mar-25	10-Mar-25	01:02	38.73
Pradhin Ltd	PRADHIN	530095	07-Mar-25	07-Mar-25	02:01	0.2
Vantage Knowledge Academy Ltd	VKAL	539761	05-Mar-25	05-Mar-25	02:01	1.1
Anand Rathi Wealth Limited	ANANDRATHI	ANANDRATHI	05-Mar-25	05-Mar-25	01:01	"3,617.30"
Jindal Worldwide Limited	JINDWORLD	JINDWORLD	28-Feb-25	28-Feb-25	04:01	26.69
Life Insurance Corporation of India	LICI	543526	29-May-26	29-May-26	01:01	837.2
F Mec International Financial Services Ltd	FMEC	539552	26-May-26	26-May-26	01:10	77.58
PAE Ltd	PAEL	517230	25-May-26	25-May-26	06:01	4.88
Dev Labtech Venture Ltd	DEVLAB	543848	15-May-26	15-May-26	01:01	29.85
Biogen Pharmachem Industries Ltd	BIOGEN	531752	15-May-26	15-May-26	01:06	0.36
Aptus Pharma Ltd	APPL	544529	12-May-26	12-May-26	03:02	179.5
Alka India Ltd	ALKA	530889	08-May-26	08-May-26	06:01	3.8
Anlon Healthcare Ltd	AHCL	544497	24-Apr-26	24-Apr-26	01:01	13.75
Vega Jewellers Ltd	VEGA	512026	24-Apr-26	24-Apr-26	04:01	61.95
R M Drip and Sprinklers Systems Ltd	RMDRIP	544456	10-Apr-26	10-Apr-26	05:07	19.03
Avax Apparels and Ornaments Ltd	AVAX	544337	07-Apr-26	07-Apr-26	03:01	49.9
R&B Denims Ltd	RNBDENIMS	538119	03-Apr-26	02-Apr-26	01:02	10.95
B2B Software Technologies Ltd	B2BSOFT	531268	02-Apr-26	02-Apr-26	01:02	24.84
Triton Valves Ltd	TRITONV	505978	01-Apr-26	30-Mar-26	03:01	"1,014.60"
IRB Infrastructure Developers Ltd	IRB	532947	01-Apr-26	30-Mar-26	01:01	21.65
Times Green Energy (India) Ltd	TIMESGREEN	543310	24-Mar-26	24-Mar-26	01:01	48.99
Kilitch Drugs India Ltd	KILITCH	524500	24-Mar-26	24-Mar-26	01:01	185
Metropolis Healthcare Ltd	METROPOLIS	542650	20-Mar-26	20-Mar-26	03:01	524.3
eClerx Services Ltd	ECLERX	532927	13-Mar-26	13-Mar-26	01:01	"1,586.80"
Frontier Springs Ltd	FRONTSP	522195	13-Mar-26	13-Mar-26	02:01	"1,626.15"
Macfos Ltd	ROBU	543787	10-Mar-26	10-Mar-26	01:10	"1,131.15"
Cupid Ltd	CUPID	530843	09-Mar-26	09-Mar-26	04:01	124.65
Silver Touch Technologies Ltd	SILVERTUC	543525	06-Mar-26	06-Mar-26	01:01	146.15
LKP Finance Ltd	LKPFIN	507912	06-Mar-26	06-Mar-26	04:01	189.5
Accedere Ltd	ACCEDERE	531533	06-Mar-26	06-Mar-26	01:10	58.49
Infobeans Technologies Ltd	INFOBEAN	543644	27-Feb-26	27-Feb-26	03:01	155.3
Bazel International Ltd	BAZELINTER	539946	19-Feb-26	18-Feb-26	01:01	19.97
Riddhi Steel and Tube Ltd	RSTL	540082	17-Feb-26	17-Feb-26	01:02	260
Delphi World Money Ltd	DELPHIFX	533452	14-Feb-26	13-Feb-26	02:01	10.44
Axita Cotton Ltd	AXITA	542285	13-Feb-26	13-Feb-26	01:10	7.8
Jonjua Overseas Ltd	JONJUA	542446	23-Jan-26	23-Jan-26	05:40	3.76
Best Agrolife Ltd	BESTAGRO	539660	16-Jan-26	16-Jan-26	01:02	18.15
Authum Investment & Infrastructure Ltd	AIIL	539177	13-Jan-26	13-Jan-26	04:01	500.4
Antariksh Industries Ltd	ANTARIKSH	501270	09-Jan-26	09-Jan-26	01:10	2.57
Orient Technologies Ltd	ORIENTTECH	544235	05-Jan-26	05-Jan-26	01:10	279.2
Magnanimous Trade & finance Ltd	MAGANTR	512377	02-Jan-26	02-Jan-26	23:01	5.64
