Issuer Company	Symbol	Security Code	Stock Split Date	Ex Date	Price	CMP
IB Infotech Enterprises Ltd	IBINFO	519463	26-May-26	26-May-26	Rs 10/- to Rs 1/-	649.4
F Mec International Financial Services Ltd	FMEC	539552	26-May-26	26-May-26	Rs 10/- to Rs 2/-	77.58
Gautam Exim Ltd	GEL	540613	22-May-26	22-May-26	Rs 10/- to Rs 5/-	175.1
Dev Labtech Venture Ltd	DEVLAB	543848	15-May-26	15-May-26	Rs 10/- to Rs 5/-	29.85
Avro India Ltd	AVROIND	543512	05-May-26	05-May-26	Rs 10/- to Rs 1/-	11.35
Anlon Healthcare Ltd	AHCL	544497	24-Apr-26	24-Apr-26	Rs 10/- to Rs 2/-	13.75
String Metaverse Ltd	META	534535	24-Apr-26	24-Apr-26	Rs 10/- to Rs 1/-	8.77
Pashupati Cotspin Ltd	PASHUPATI	544448	17-Apr-26	17-Apr-26	Rs 10/- to Rs 1/-	95.79
R&B Denims Ltd	RNBDENIMS	538119	03-Apr-26	02-Apr-26	Rs 2/- to Rs 1/-	10.95
Avax Apparels and Ornaments Ltd	AVAX	544337	27-Mar-26	27-Mar-26	Rs 10/- to Rs 5/-	49.9
V2 Retail Ltd	V2RETAIL	532867	26-Mar-26	25-Mar-26	Rs 10/- to Rs 1/-	238.35
Manbro Industries Ltd	MANBRO	512595	25-Mar-26	25-Mar-26	Rs 10/- to Rs 1/-	66.8
Hindusthan Urban Infrastructure Ltd	HUIL	539984	13-Mar-26	13-Mar-26	Rs 10/- to Rs 2/-	"1,210.60"
TANFAC Industries Ltd	TANFACIND	506854	09-Mar-26	09-Mar-26	Rs 10/- to Rs 5/-	"2,037.35"
Meera Industries Ltd	MEERA	540519	06-Mar-26	06-Mar-26	Rs 10/- to Rs 5/-	58.9
Silver Touch Technologies Ltd	SILVERTUC	543525	06-Mar-26	06-Mar-26	Rs 10/- to Rs 2/-	146.15
Aqylon Nexus Ltd	AQYLON	530943	05-Mar-26	05-Mar-26	Rs 10/- to Rs 1/-	62.29
Aqylon Nexus Ltd	AQYLON	530943	05-Mar-26	05-Mar-26	Rs 10/- to Rs 1/-	62.29
Varvee Global Ltd	VGL	514274	02-Mar-26	02-Mar-26	Rs 10/- to Rs 5/-	65.2
Varvee Global Ltd	VGL	514274	02-Mar-26	02-Mar-26	Rs 10/- to Rs 5/-	65.2
Angel One Ltd	ANGELONE	543235	26-Feb-26	26-Feb-26	Rs 10/- to Rs 1/-	346.55
Fynx Capital Ltd	FYNX	507962	25-Feb-26	25-Feb-26	Rs 10/- to Rs 1/-	4.58
Titan Biotech Ltd	TITANBIO	524717	20-Feb-26	20-Feb-26	Rs 10/- to Rs 2/-	472.55
Delphi World Money Ltd	DELPHIFX	533452	14-Feb-26	13-Feb-26	Rs 10/- to Rs 2/-	10.44
Omega Interactive Technologies Ltd	OMEGAIN	511644	06-Feb-26	06-Feb-26	Rs 10/- to Rs 1/-	65.85
United Van Der Horst Ltd	UVDRHOR	522091	22-Jan-26	22-Jan-26	Rs 5/- to Rs 1/-	35
Best Agrolife Ltd	BESTAGRO	539660	16-Jan-26	16-Jan-26	Rs 10/- to Rs 1/-	18.15
Ajmera Realty & Infra India Ltd	AJMERA	513349	15-Jan-26	15-Jan-26	Rs 10/- to Rs 2/-	131.55
Kotak Mahindra Bank Ltd	KOTAKBANK	500247	14-Jan-26	14-Jan-26	Rs 5/- to Rs 1/-	392.75
SKM Egg Products Export (India) Ltd	SKMEGGPROD	532143	12-Jan-26	12-Jan-26	Rs 10/- to Rs 5/-	181.9
A-1 Ltd	A1L	542012	08-Jan-26	08-Jan-26	Rs 10/- to Rs 1/-	9.66
Multi Commodity Exchange of India Ltd	MCX	534091	02-Jan-26	02-Jan-26	Rs 10/- to Rs 2/-	"3,313.75"
A-1 Ltd	A1L	542012	31-Dec-25	31-Dec-25	Rs 10/- to Rs 1/-	9.66
Nuvama Wealth Management Ltd	NUVAMA	543988	26-Dec-25	26-Dec-25	Rs 10/- to Rs 2/-	"1,503.75"
Knowledge Marine & Engineering Works Ltd	KMEW	543273	22-Dec-25	22-Dec-25	Rs 10/- to Rs 5/-	"2,045.80"
Space Incubatrics Technologies Ltd	SPACEINCUBA	541890	19-Dec-25	19-Dec-25	Rs 10/- to Rs 1/-	0.22
Bharat Rasayan Ltd	BHARATRAS	590021	12-Dec-25	12-Dec-25	Rs 10/- to Rs 5/-	"1,437.10"
Mrs  Bectors Food Specialities Ltd	BECTORFOOD	543253	12-Dec-25	12-Dec-25	Rs 10/- to Rs 2/-	178.95
Computer Age Management Services Ltd	CAMS	543232	05-Dec-25	05-Dec-25	Rs 10/- to Rs 2/-	769.65
Mini Diamonds India Ltd	MINID	523373	02-Dec-25	02-Dec-25	Rs 10/- to Rs 2/-	15.02
Unison Metals Ltd	UNISON	538610	28-Nov-25	28-Nov-25	Rs 10/- to Rs 1/-	0.99
Paras Defence and Space Technologies Ltd	PARAS	543367	04-Jul-25	04-Jul-25	Rs 10/- to Rs 5/-	854.8
Padam Cotton Yarns Ltd	PADAMCO	531395	27-Jun-25	27-Jun-25	Rs 10/- to Rs 1/-	0.91
Elitecon International Ltd	ELITECON	539533	25-Jun-25	25-Jun-25	Rs 10/- to Rs 1/-	31.47
Laddu Gopal Online Services Ltd	LADDU	537707	24-Jun-25	24-Jun-25	Rs 10/- to Rs 2/-	0.75
Ajcon Global Services Ltd	AJCON	511692	20-Jun-25	20-Jun-25	Rs 10/- to Rs 1/-	6.32
Bajaj Finance Ltd	BAJFINANCE	500034	16-Jun-25	16-Jun-25	Rs 2/- to Rs 1/-	942
Murae Organisor Ltd	MURAE	542724	11-Jun-25	11-Jun-25	Rs 2/- to Rs 1/-	0.19
Vesuvius India Limited	VESUVIUS	VESUVIUS	10-Jun-25	10-Jun-25	Rs 10/- to Rs 1/-	466.45
Coforge Limited	COFORGE	COFORGE	04-Jun-25	04-Jun-25	Rs 10/- to Rs 2/-	"1,398.00"
Colab Platforms Ltd	COLAB	542866	21-May-25	21-May-25	Rs 2/- to Rs 1/-	153.55
Virat Leasing Ltd	VLL	539167	16-May-25	16-May-25	Rs 10/- to Rs 5/-	49.31
Mrugesh Trading Ltd	MRUTR	512065	16-May-25	16-May-25	Rs 10/- to Rs 1/-	34.78
Navkar Urbanstructure Ltd	NAVKARURB	531494	09-May-25	09-May-25	Rs 2/- to Rs 1/-	0.86
Shantai Industries Ltd	SHANTAI	512297	09-May-25	09-May-25	Rs 10/- to Rs 2/-	99.99
Rajasthan Tube Manufacturing Company Ltd	RAJTUBE	530253	08-May-25	08-May-25	Rs 10/- to Rs 1/-	12.98
Info Edge (India) Limited	NAUKRI	NAUKRI	07-May-25	07-May-25	Rs 10/- to Rs 2/-	938.5
United Polyfab Gujarat Limited	UNITEDPOLY	UNITEDPOLY	02-May-25	02-May-25	Rs 10/- to Rs 1/-	33.88
Ami Organics Ltd	AMIORG	543349	25-Apr-25	25-Apr-25	Rs 10/- to Rs 5/-	"2,920.00"
Ranjeet Mechatronics Ltd	RANJEET	541945	21-Apr-25	21-Apr-25	Rs 10/- to Rs 5/-	6.3
Akme Fintrade (India) Ltd	AFIL	544200	18-Apr-25	17-Apr-25	Rs 10/- to Rs 1/-	9.45
Kapil Raj Finance Ltd	KAPILRAJ	539679	15-Apr-25	15-Apr-25	Rs 10/- to Rs 1/-	2.9
Enbee Trade & Finance Ltd	ENBETRD	512441	11-Apr-25	11-Apr-25	Rs 10/- to Rs 1/-	0.4
Pervasive Commodities Ltd	PERVASIVE	517172	07-Apr-25	07-Apr-25	Rs 10/- to Rs 1/-	1.58
Optimus Finance Ltd	OPTIFIN	531254	21-Mar-25	21-Mar-25	Rs 10/- to Rs 1/-	15.32
Last Mile Enterprises Ltd	LASTMILE	526961	21-Mar-25	21-Mar-25	Rs 10/- to Rs 1/-	9.7
Shukra Pharmaceuticals Ltd	SHUKRAPHAR	524632	21-Mar-25	21-Mar-25	Rs 10/- to Rs 1/-	28.02
Softrak Venture Investment Ltd	SOFTRAKV	531529	21-Mar-25	21-Mar-25	Rs 10/- to Rs 1/-	1.75
Blue Pearl Agriventures Ltd	BPAGRI	514440	20-Mar-25	20-Mar-25	Rs 10/- to Rs 1/-	19.04
SIKA INTERPLANT SYSTEMS LTD	SIKA	523606	17-Mar-25	17-Mar-25	Rs 10/- to Rs 2/-	934.55
Shangar Decor Ltd	SHANGAR	540259	14-Mar-25	13-Mar-25	Rs 5/- to Rs 1/-	0.23
Shalimar Agencies Ltd	SAGL	539895	14-Mar-25	13-Mar-25	Rs 10/- to Rs 1/-	20.62
Mehai Technology Ltd	MEHAI	540730	14-Mar-25	13-Mar-25	Rs 10/- to Rs 1/-	1.4
IOL CHEMICALS & PHARMACEUTICALS LTD	IOLCP	524164	11-Mar-25	11-Mar-25	Rs 10/- to Rs 2/-	124.08
Pradhin Ltd	PRADHIN	530095	07-Mar-25	07-Mar-25	Rs 10/- to Rs 1/-	0.2
Mangalam Global Enterprise Ltd	MGEL	544273	04-Mar-25	04-Mar-25	Rs 2/- to Rs 1/-	13.21
COASTAL CORPORATION LTD	COASTCORP	501831	04-Mar-25	04-Mar-25	Rs 10/- to Rs 2/-	58.82
RDB REALTY & INFRASTRUCTURE LTD	RDBRIL	533285	28-Feb-25	28-Feb-25	Rs 10/- to Rs 1/-	26.45
OASIS SECURITIES LTD	OASISEC	512489	28-Feb-25	28-Feb-25	Rs 10/- to Rs 1/-	14.4
